question,human_score
How does AI detect fraud?,5
What is deep learning?,4
Explain transfer learning,5
How does NLP work?,3
What are transformers in AI?,4
How does AI predict stock prices?,5
Explain reinforcement learning,4
What is attention mechanism?,5
How does RAG work?,3
What is a language model?,4
How does AI detect fraud?,5
What is deep learning?,5
Explain transfer learning,3
How does NLP work?,4
What are transformers in AI?,4
How does AI predict stock prices?,5
Explain reinforcement learning,4
What is attention mechanism?,5
How does RAG work?,3
What is a language model?,4
